C,ID,TRT,NTIM,NTAD,TIME,TAD,DOSE,AMT,SS,II,DV,MDV,EVID,CMT,WT,PAT
.,1,1,0,0,0,0,150,150,0,0,.,1,1,1,82.71,1
.,1,1,1,1,1.025,1.025,150,.,.,.,.,0,0,2,82.71,1
.,1,1,2,2,1.91,1.91,150,.,.,.,.,0,0,2,82.71,1
.,1,1,4,4,4.299,4.299,150,.,.,.,.,0,0,2,82.71,1
.,1,1,8,8,8.088,8.088,150,.,.,.,.,0,0,2,82.71,1
.,1,1,10,10,10.545,10.545,150,.,.,.,.,0,0,2,82.71,1
.,1,1,12,0,12,0,150,150,0,0,.,1,1,1,82.71,1
.,1,1,24,0,24,0,150,150,0,0,.,1,1,1,82.71,1
.,1,1,36,0,36,0,150,150,0,0,.,1,1,1,82.71,1
.,1,1,48,0,48,0,150,150,0,0,.,1,1,1,82.71,1
.,1,1,60,0,60,0,150,150,0,0,.,1,1,1,82.71,1
.,1,1,72,0,72,0,150,150,0,0,.,1,1,1,82.71,1
.,1,1,84,0,84,0,150,150,0,0,.,1,1,1,82.71,1
.,1,1,96,0,96,0,150,150,0,0,.,1,1,1,82.71,1
.,1,1,108,0,108,0,150,150,0,0,.,1,1,1,82.71,1
.,1,1,120,0,120,0,150,150,0,0,.,1,1,1,82.71,1
.,1,1,132,0,132,0,150,150,0,0,.,1,1,1,82.71,1
.,1,1,144,0,144,0,150,150,0,0,.,1,1,1,82.71,1
.,1,1,156,0,156,0,150,150,0,0,.,1,1,1,82.71,1
.,1,1,157,1,156.982,0.982,150,.,.,.,.,0,0,2,82.71,1
.,1,1,158,2,157.969,1.969,150,.,.,.,.,0,0,2,82.71,1
.,1,1,160,4,160.428,4.428,150,.,.,.,.,0,0,2,82.71,1
.,1,1,164,8,162.898,6.898,150,.,.,.,.,0,0,2,82.71,1
.,1,1,166,10,165.332,9.332,150,.,.,.,.,0,0,2,82.71,1
.,2,1,0,0,0,0,150,150,0,0,.,1,1,1,79.91,1
.,2,1,1,1,1.098,1.098,150,.,.,.,.,0,0,2,79.91,1
.,2,1,2,2,1.984,1.984,150,.,.,.,.,0,0,2,79.91,1
.,2,1,4,4,3.885,3.885,150,.,.,.,.,0,0,2,79.91,1
.,2,1,8,8,7.867,7.867,150,.,.,.,.,0,0,2,79.91,1
.,2,1,10,10,10.165,10.165,150,.,.,.,.,0,0,2,79.91,1
.,2,1,12,0,12,0,150,150,0,0,.,1,1,1,79.91,1
.,2,1,24,0,24,0,150,150,0,0,.,1,1,1,79.91,1
.,2,1,36,0,36,0,150,150,0,0,.,1,1,1,79.91,1
.,2,1,48,0,48,0,150,150,0,0,.,1,1,1,79.91,1
.,2,1,60,0,60,0,150,150,0,0,.,1,1,1,79.91,1
.,2,1,72,0,72,0,150,150,0,0,.,1,1,1,79.91,1
.,2,1,84,0,84,0,150,150,0,0,.,1,1,1,79.91,1
.,2,1,96,0,96,0,150,150,0,0,.,1,1,1,79.91,1
.,2,1,108,0,108,0,150,150,0,0,.,1,1,1,79.91,1
.,2,1,120,0,120,0,150,150,0,0,.,1,1,1,79.91,1
.,2,1,132,0,132,0,150,150,0,0,.,1,1,1,79.91,1
.,2,1,144,0,144,0,150,150,0,0,.,1,1,1,79.91,1
.,2,1,156,0,156,0,150,150,0,0,.,1,1,1,79.91,1
.,2,1,157,1,157.01,1.01,150,.,.,.,.,0,0,2,79.91,1
.,2,1,158,2,158.039,2.039,150,.,.,.,.,0,0,2,79.91,1
.,2,1,160,4,160.232,4.232,150,.,.,.,.,0,0,2,79.91,1
.,2,1,164,8,164.055,8.055,150,.,.,.,.,0,0,2,79.91,1
.,2,1,166,10,166.403,10.403,150,.,.,.,.,0,0,2,79.91,1
.,3,1,0,0,0,0,150,150,0,0,.,1,1,1,91.9,0
.,3,1,1,1,0.992,0.992,150,.,.,.,.,0,0,2,91.9,0
.,3,1,2,2,1.988,1.988,150,.,.,.,.,0,0,2,91.9,0
.,3,1,4,4,4.136,4.136,150,.,.,.,.,0,0,2,91.9,0
.,3,1,8,8,8.599,8.599,150,.,.,.,.,0,0,2,91.9,0
.,3,1,10,10,10.643,10.643,150,.,.,.,.,0,0,2,91.9,0
.,3,1,12,0,12,0,150,150,0,0,.,1,1,1,91.9,0
.,3,1,24,0,24,0,150,150,0,0,.,1,1,1,91.9,0
.,3,1,36,0,36,0,150,150,0,0,.,1,1,1,91.9,0
.,3,1,48,0,48,0,150,150,0,0,.,1,1,1,91.9,0
.,3,1,60,0,60,0,150,150,0,0,.,1,1,1,91.9,0
.,3,1,72,0,72,0,150,150,0,0,.,1,1,1,91.9,0
.,3,1,84,0,84,0,150,150,0,0,.,1,1,1,91.9,0
.,3,1,96,0,96,0,150,150,0,0,.,1,1,1,91.9,0
.,3,1,108,0,108,0,150,150,0,0,.,1,1,1,91.9,0
.,3,1,120,0,120,0,150,150,0,0,.,1,1,1,91.9,0
.,3,1,132,0,132,0,150,150,0,0,.,1,1,1,91.9,0
.,3,1,144,0,144,0,150,150,0,0,.,1,1,1,91.9,0
.,3,1,156,0,156,0,150,150,0,0,.,1,1,1,91.9,0
.,3,1,157,1,156.88,0.88,150,.,.,.,.,0,0,2,91.9,0
.,3,1,158,2,157.99,1.99,150,.,.,.,.,0,0,2,91.9,0
.,3,1,160,4,160.141,4.141,150,.,.,.,.,0,0,2,91.9,0
.,3,1,164,8,164.047,8.047,150,.,.,.,.,0,0,2,91.9,0
.,3,1,166,10,165.04,9.04,150,.,.,.,.,0,0,2,91.9,0
.,4,1,0,0,0,0,150,150,0,0,.,1,1,1,62.91,1
.,4,1,1,1,1.08,1.08,150,.,.,.,.,0,0,2,62.91,1
.,4,1,2,2,1.86,1.86,150,.,.,.,.,0,0,2,62.91,1
.,4,1,4,4,3.745,3.745,150,.,.,.,.,0,0,2,62.91,1
.,4,1,8,8,8.114,8.114,150,.,.,.,.,0,0,2,62.91,1
.,4,1,10,10,10.929,10.929,150,.,.,.,.,0,0,2,62.91,1
.,4,1,12,0,12,0,150,150,0,0,.,1,1,1,62.91,1
.,4,1,24,0,24,0,150,150,0,0,.,1,1,1,62.91,1
.,4,1,36,0,36,0,150,150,0,0,.,1,1,1,62.91,1
.,4,1,48,0,48,0,150,150,0,0,.,1,1,1,62.91,1
.,4,1,60,0,60,0,150,150,0,0,.,1,1,1,62.91,1
.,4,1,72,0,72,0,150,150,0,0,.,1,1,1,62.91,1
.,4,1,84,0,84,0,150,150,0,0,.,1,1,1,62.91,1
.,4,1,96,0,96,0,150,150,0,0,.,1,1,1,62.91,1
.,4,1,108,0,108,0,150,150,0,0,.,1,1,1,62.91,1
.,4,1,120,0,120,0,150,150,0,0,.,1,1,1,62.91,1
.,4,1,132,0,132,0,150,150,0,0,.,1,1,1,62.91,1
.,4,1,144,0,144,0,150,150,0,0,.,1,1,1,62.91,1
.,4,1,156,0,156,0,150,150,0,0,.,1,1,1,62.91,1
.,4,1,157,1,156.93,0.93,150,.,.,.,.,0,0,2,62.91,1
.,4,1,158,2,158.022,2.022,150,.,.,.,.,0,0,2,62.91,1
.,4,1,160,4,160.56,4.56,150,.,.,.,.,0,0,2,62.91,1
.,4,1,164,8,163.995,7.995,150,.,.,.,.,0,0,2,62.91,1
.,4,1,166,10,166.354,10.354,150,.,.,.,.,0,0,2,62.91,1
.,5,1,0,0,0,0,150,150,0,0,.,1,1,1,81.64,0
.,5,1,1,1,0.918,0.918,150,.,.,.,.,0,0,2,81.64,0
.,5,1,2,2,1.965,1.965,150,.,.,.,.,0,0,2,81.64,0
.,5,1,4,4,4.286,4.286,150,.,.,.,.,0,0,2,81.64,0
.,5,1,8,8,8.526,8.526,150,.,.,.,.,0,0,2,81.64,0
.,5,1,10,10,9.77,9.77,150,.,.,.,.,0,0,2,81.64,0
.,5,1,12,0,12,0,150,150,0,0,.,1,1,1,81.64,0
.,5,1,24,0,24,0,150,150,0,0,.,1,1,1,81.64,0
.,5,1,36,0,36,0,150,150,0,0,.,1,1,1,81.64,0
.,5,1,48,0,48,0,150,150,0,0,.,1,1,1,81.64,0
.,5,1,60,0,60,0,150,150,0,0,.,1,1,1,81.64,0
.,5,1,72,0,72,0,150,150,0,0,.,1,1,1,81.64,0
.,5,1,84,0,84,0,150,150,0,0,.,1,1,1,81.64,0
.,5,1,96,0,96,0,150,150,0,0,.,1,1,1,81.64,0
.,5,1,108,0,108,0,150,150,0,0,.,1,1,1,81.64,0
.,5,1,120,0,120,0,150,150,0,0,.,1,1,1,81.64,0
.,5,1,132,0,132,0,150,150,0,0,.,1,1,1,81.64,0
.,5,1,144,0,144,0,150,150,0,0,.,1,1,1,81.64,0
.,5,1,156,0,156,0,150,150,0,0,.,1,1,1,81.64,0
.,5,1,157,1,157.025,1.025,150,.,.,.,.,0,0,2,81.64,0
.,5,1,158,2,158.249,2.249,150,.,.,.,.,0,0,2,81.64,0
.,5,1,160,4,160.106,4.106,150,.,.,.,.,0,0,2,81.64,0
.,5,1,164,8,163.881,7.881,150,.,.,.,.,0,0,2,81.64,0
.,5,1,166,10,166.546,10.546,150,.,.,.,.,0,0,2,81.64,0
.,6,1,0,0,0,0,150,150,0,0,.,1,1,1,66.36,1
.,6,1,1,1,1.091,1.091,150,.,.,.,.,0,0,2,66.36,1
.,6,1,2,2,1.995,1.995,150,.,.,.,.,0,0,2,66.36,1
.,6,1,4,4,4.238,4.238,150,.,.,.,.,0,0,2,66.36,1
.,6,1,8,8,8.592,8.592,150,.,.,.,.,0,0,2,66.36,1
.,6,1,10,10,10.362,10.362,150,.,.,.,.,0,0,2,66.36,1
.,6,1,12,0,12,0,150,150,0,0,.,1,1,1,66.36,1
.,6,1,24,0,24,0,150,150,0,0,.,1,1,1,66.36,1
.,6,1,36,0,36,0,150,150,0,0,.,1,1,1,66.36,1
.,6,1,48,0,48,0,150,150,0,0,.,1,1,1,66.36,1
.,6,1,60,0,60,0,150,150,0,0,.,1,1,1,66.36,1
.,6,1,72,0,72,0,150,150,0,0,.,1,1,1,66.36,1
.,6,1,84,0,84,0,150,150,0,0,.,1,1,1,66.36,1
.,6,1,96,0,96,0,150,150,0,0,.,1,1,1,66.36,1
.,6,1,108,0,108,0,150,150,0,0,.,1,1,1,66.36,1
.,6,1,120,0,120,0,150,150,0,0,.,1,1,1,66.36,1
.,6,1,132,0,132,0,150,150,0,0,.,1,1,1,66.36,1
.,6,1,144,0,144,0,150,150,0,0,.,1,1,1,66.36,1
.,6,1,156,0,156,0,150,150,0,0,.,1,1,1,66.36,1
.,6,1,157,1,156.942,0.942,150,.,.,.,.,0,0,2,66.36,1
.,6,1,158,2,157.762,1.762,150,.,.,.,.,0,0,2,66.36,1
.,6,1,160,4,159.975,3.975,150,.,.,.,.,0,0,2,66.36,1
.,6,1,164,8,164.794,8.794,150,.,.,.,.,0,0,2,66.36,1
.,6,1,166,10,165.624,9.624,150,.,.,.,.,0,0,2,66.36,1
.,7,1,0,0,0,0,150,150,0,0,.,1,1,1,77.92,1
.,7,1,1,1,0.972,0.972,150,.,.,.,.,0,0,2,77.92,1
.,7,1,2,2,2.048,2.048,150,.,.,.,.,0,0,2,77.92,1
.,7,1,4,4,3.848,3.848,150,.,.,.,.,0,0,2,77.92,1
.,7,1,8,8,7.666,7.666,150,.,.,.,.,0,0,2,77.92,1
.,7,1,10,10,9.718,9.718,150,.,.,.,.,0,0,2,77.92,1
.,7,1,12,0,12,0,150,150,0,0,.,1,1,1,77.92,1
.,7,1,24,0,24,0,150,150,0,0,.,1,1,1,77.92,1
.,7,1,36,0,36,0,150,150,0,0,.,1,1,1,77.92,1
.,7,1,48,0,48,0,150,150,0,0,.,1,1,1,77.92,1
.,7,1,60,0,60,0,150,150,0,0,.,1,1,1,77.92,1
.,7,1,72,0,72,0,150,150,0,0,.,1,1,1,77.92,1
.,7,1,84,0,84,0,150,150,0,0,.,1,1,1,77.92,1
.,7,1,96,0,96,0,150,150,0,0,.,1,1,1,77.92,1
.,7,1,108,0,108,0,150,150,0,0,.,1,1,1,77.92,1
.,7,1,120,0,120,0,150,150,0,0,.,1,1,1,77.92,1
.,7,1,132,0,132,0,150,150,0,0,.,1,1,1,77.92,1
.,7,1,144,0,144,0,150,150,0,0,.,1,1,1,77.92,1
.,7,1,156,0,156,0,150,150,0,0,.,1,1,1,77.92,1
.,7,1,157,1,157.049,1.049,150,.,.,.,.,0,0,2,77.92,1
.,7,1,158,2,157.832,1.832,150,.,.,.,.,0,0,2,77.92,1
.,7,1,160,4,159.924,3.924,150,.,.,.,.,0,0,2,77.92,1
.,7,1,164,8,163.889,7.889,150,.,.,.,.,0,0,2,77.92,1
.,7,1,166,10,166.322,10.322,150,.,.,.,.,0,0,2,77.92,1
.,8,1,0,0,0,0,150,150,0,0,.,1,1,1,74.63,0
.,8,1,1,1,0.985,0.985,150,.,.,.,.,0,0,2,74.63,0
.,8,1,2,2,1.929,1.929,150,.,.,.,.,0,0,2,74.63,0
.,8,1,4,4,3.985,3.985,150,.,.,.,.,0,0,2,74.63,0
.,8,1,8,8,8.05,8.05,150,.,.,.,.,0,0,2,74.63,0
.,8,1,10,10,10.081,10.081,150,.,.,.,.,0,0,2,74.63,0
.,8,1,12,0,12,0,150,150,0,0,.,1,1,1,74.63,0
.,8,1,24,0,24,0,150,150,0,0,.,1,1,1,74.63,0
.,8,1,36,0,36,0,150,150,0,0,.,1,1,1,74.63,0
.,8,1,48,0,48,0,150,150,0,0,.,1,1,1,74.63,0
.,8,1,60,0,60,0,150,150,0,0,.,1,1,1,74.63,0
.,8,1,72,0,72,0,150,150,0,0,.,1,1,1,74.63,0
.,8,1,84,0,84,0,150,150,0,0,.,1,1,1,74.63,0
.,8,1,96,0,96,0,150,150,0,0,.,1,1,1,74.63,0
.,8,1,108,0,108,0,150,150,0,0,.,1,1,1,74.63,0
.,8,1,120,0,120,0,150,150,0,0,.,1,1,1,74.63,0
.,8,1,132,0,132,0,150,150,0,0,.,1,1,1,74.63,0
.,8,1,144,0,144,0,150,150,0,0,.,1,1,1,74.63,0
.,8,1,156,0,156,0,150,150,0,0,.,1,1,1,74.63,0
.,8,1,157,1,157.093,1.093,150,.,.,.,.,0,0,2,74.63,0
.,8,1,158,2,157.834,1.834,150,.,.,.,.,0,0,2,74.63,0
.,8,1,160,4,159.692,3.692,150,.,.,.,.,0,0,2,74.63,0
.,8,1,164,8,163.767,7.767,150,.,.,.,.,0,0,2,74.63,0
.,8,1,166,10,164.197,8.197,150,.,.,.,.,0,0,2,74.63,0
.,9,1,0,0,0,0,150,150,0,0,.,1,1,1,71.14,1
.,9,1,1,1,1.015,1.015,150,.,.,.,.,0,0,2,71.14,1
.,9,1,2,2,2.018,2.018,150,.,.,.,.,0,0,2,71.14,1
.,9,1,4,4,3.948,3.948,150,.,.,.,.,0,0,2,71.14,1
.,9,1,8,8,8.855,8.855,150,.,.,.,.,0,0,2,71.14,1
.,9,1,10,10,9.439,9.439,150,.,.,.,.,0,0,2,71.14,1
.,9,1,12,0,12,0,150,150,0,0,.,1,1,1,71.14,1
.,9,1,24,0,24,0,150,150,0,0,.,1,1,1,71.14,1
.,9,1,36,0,36,0,150,150,0,0,.,1,1,1,71.14,1
.,9,1,48,0,48,0,150,150,0,0,.,1,1,1,71.14,1
.,9,1,60,0,60,0,150,150,0,0,.,1,1,1,71.14,1
.,9,1,72,0,72,0,150,150,0,0,.,1,1,1,71.14,1
.,9,1,84,0,84,0,150,150,0,0,.,1,1,1,71.14,1
.,9,1,96,0,96,0,150,150,0,0,.,1,1,1,71.14,1
.,9,1,108,0,108,0,150,150,0,0,.,1,1,1,71.14,1
.,9,1,120,0,120,0,150,150,0,0,.,1,1,1,71.14,1
.,9,1,132,0,132,0,150,150,0,0,.,1,1,1,71.14,1
.,9,1,144,0,144,0,150,150,0,0,.,1,1,1,71.14,1
.,9,1,156,0,156,0,150,150,0,0,.,1,1,1,71.14,1
.,9,1,157,1,157.104,1.104,150,.,.,.,.,0,0,2,71.14,1
.,9,1,158,2,158.007,2.007,150,.,.,.,.,0,0,2,71.14,1
.,9,1,160,4,160.076,4.076,150,.,.,.,.,0,0,2,71.14,1
.,9,1,164,8,164.002,8.002,150,.,.,.,.,0,0,2,71.14,1
.,9,1,166,10,167.773,11.773,150,.,.,.,.,0,0,2,71.14,1
.,10,1,0,0,0,0,150,150,0,0,.,1,1,1,63.05,0
.,10,1,1,1,1.051,1.051,150,.,.,.,.,0,0,2,63.05,0
.,10,1,2,2,2.137,2.137,150,.,.,.,.,0,0,2,63.05,0
.,10,1,4,4,4.044,4.044,150,.,.,.,.,0,0,2,63.05,0
.,10,1,8,8,8.389,8.389,150,.,.,.,.,0,0,2,63.05,0
.,10,1,10,10,9.465,9.465,150,.,.,.,.,0,0,2,63.05,0
.,10,1,12,0,12,0,150,150,0,0,.,1,1,1,63.05,0
.,10,1,24,0,24,0,150,150,0,0,.,1,1,1,63.05,0
.,10,1,36,0,36,0,150,150,0,0,.,1,1,1,63.05,0
.,10,1,48,0,48,0,150,150,0,0,.,1,1,1,63.05,0
.,10,1,60,0,60,0,150,150,0,0,.,1,1,1,63.05,0
.,10,1,72,0,72,0,150,150,0,0,.,1,1,1,63.05,0
.,10,1,84,0,84,0,150,150,0,0,.,1,1,1,63.05,0
.,10,1,96,0,96,0,150,150,0,0,.,1,1,1,63.05,0
.,10,1,108,0,108,0,150,150,0,0,.,1,1,1,63.05,0
.,10,1,120,0,120,0,150,150,0,0,.,1,1,1,63.05,0
.,10,1,132,0,132,0,150,150,0,0,.,1,1,1,63.05,0
.,10,1,144,0,144,0,150,150,0,0,.,1,1,1,63.05,0
.,10,1,156,0,156,0,150,150,0,0,.,1,1,1,63.05,0
.,10,1,157,1,157.039,1.039,150,.,.,.,.,0,0,2,63.05,0
.,10,1,158,2,158.107,2.107,150,.,.,.,.,0,0,2,63.05,0
.,10,1,160,4,159.713,3.713,150,.,.,.,.,0,0,2,63.05,0
.,10,1,164,8,164.229,8.229,150,.,.,.,.,0,0,2,63.05,0
.,10,1,166,10,166.905,10.905,150,.,.,.,.,0,0,2,63.05,0
.,11,1,0,0,0,0,150,150,0,0,.,1,1,1,94.46,1
.,11,1,1,1,0.898,0.898,150,.,.,.,.,0,0,2,94.46,1
.,11,1,2,2,1.895,1.895,150,.,.,.,.,0,0,2,94.46,1
.,11,1,4,4,4.02,4.02,150,.,.,.,.,0,0,2,94.46,1
.,11,1,8,8,8.555,8.555,150,.,.,.,.,0,0,2,94.46,1
.,11,1,10,10,10.461,10.461,150,.,.,.,.,0,0,2,94.46,1
.,11,1,12,0,12,0,150,150,0,0,.,1,1,1,94.46,1
.,11,1,24,0,24,0,150,150,0,0,.,1,1,1,94.46,1
.,11,1,36,0,36,0,150,150,0,0,.,1,1,1,94.46,1
.,11,1,48,0,48,0,150,150,0,0,.,1,1,1,94.46,1
.,11,1,60,0,60,0,150,150,0,0,.,1,1,1,94.46,1
.,11,1,72,0,72,0,150,150,0,0,.,1,1,1,94.46,1
.,11,1,84,0,84,0,150,150,0,0,.,1,1,1,94.46,1
.,11,1,96,0,96,0,150,150,0,0,.,1,1,1,94.46,1
.,11,1,108,0,108,0,150,150,0,0,.,1,1,1,94.46,1
.,11,1,120,0,120,0,150,150,0,0,.,1,1,1,94.46,1
.,11,1,132,0,132,0,150,150,0,0,.,1,1,1,94.46,1
.,11,1,144,0,144,0,150,150,0,0,.,1,1,1,94.46,1
.,11,1,156,0,156,0,150,150,0,0,.,1,1,1,94.46,1
.,11,1,157,1,157.117,1.117,150,.,.,.,.,0,0,2,94.46,1
.,11,1,158,2,157.959,1.959,150,.,.,.,.,0,0,2,94.46,1
.,11,1,160,4,160.268,4.268,150,.,.,.,.,0,0,2,94.46,1
.,11,1,164,8,164.194,8.194,150,.,.,.,.,0,0,2,94.46,1
.,11,1,166,10,165.579,9.579,150,.,.,.,.,0,0,2,94.46,1
.,12,1,0,0,0,0,150,150,0,0,.,1,1,1,67.86,1
.,12,1,1,1,1.022,1.022,150,.,.,.,.,0,0,2,67.86,1
.,12,1,2,2,2.144,2.144,150,.,.,.,.,0,0,2,67.86,1
.,12,1,4,4,3.567,3.567,150,.,.,.,.,0,0,2,67.86,1
.,12,1,8,8,9.261,9.261,150,.,.,.,.,0,0,2,67.86,1
.,12,1,10,10,9.507,9.507,150,.,.,.,.,0,0,2,67.86,1
.,12,1,12,0,12,0,150,150,0,0,.,1,1,1,67.86,1
.,12,1,24,0,24,0,150,150,0,0,.,1,1,1,67.86,1
.,12,1,36,0,36,0,150,150,0,0,.,1,1,1,67.86,1
.,12,1,48,0,48,0,150,150,0,0,.,1,1,1,67.86,1
.,12,1,60,0,60,0,150,150,0,0,.,1,1,1,67.86,1
.,12,1,72,0,72,0,150,150,0,0,.,1,1,1,67.86,1
.,12,1,84,0,84,0,150,150,0,0,.,1,1,1,67.86,1
.,12,1,96,0,96,0,150,150,0,0,.,1,1,1,67.86,1
.,12,1,108,0,108,0,150,150,0,0,.,1,1,1,67.86,1
.,12,1,120,0,120,0,150,150,0,0,.,1,1,1,67.86,1
.,12,1,132,0,132,0,150,150,0,0,.,1,1,1,67.86,1
.,12,1,144,0,144,0,150,150,0,0,.,1,1,1,67.86,1
.,12,1,156,0,156,0,150,150,0,0,.,1,1,1,67.86,1
.,12,1,157,1,156.983,0.983,150,.,.,.,.,0,0,2,67.86,1
.,12,1,158,2,157.927,1.927,150,.,.,.,.,0,0,2,67.86,1
.,12,1,160,4,159.924,3.924,150,.,.,.,.,0,0,2,67.86,1
.,12,1,164,8,163.697,7.697,150,.,.,.,.,0,0,2,67.86,1
.,12,1,166,10,165.378,9.378,150,.,.,.,.,0,0,2,67.86,1
.,13,1,0,0,0,0,150,150,0,0,.,1,1,1,88.45,0
.,13,1,1,1,0.849,0.849,150,.,.,.,.,0,0,2,88.45,0
.,13,1,2,2,1.942,1.942,150,.,.,.,.,0,0,2,88.45,0
.,13,1,4,4,4.193,4.193,150,.,.,.,.,0,0,2,88.45,0
.,13,1,8,8,7.753,7.753,150,.,.,.,.,0,0,2,88.45,0
.,13,1,10,10,10.338,10.338,150,.,.,.,.,0,0,2,88.45,0
.,13,1,12,0,12,0,150,150,0,0,.,1,1,1,88.45,0
.,13,1,24,0,24,0,150,150,0,0,.,1,1,1,88.45,0
.,13,1,36,0,36,0,150,150,0,0,.,1,1,1,88.45,0
.,13,1,48,0,48,0,150,150,0,0,.,1,1,1,88.45,0
.,13,1,60,0,60,0,150,150,0,0,.,1,1,1,88.45,0
.,13,1,72,0,72,0,150,150,0,0,.,1,1,1,88.45,0
.,13,1,84,0,84,0,150,150,0,0,.,1,1,1,88.45,0
.,13,1,96,0,96,0,150,150,0,0,.,1,1,1,88.45,0
.,13,1,108,0,108,0,150,150,0,0,.,1,1,1,88.45,0
.,13,1,120,0,120,0,150,150,0,0,.,1,1,1,88.45,0
.,13,1,132,0,132,0,150,150,0,0,.,1,1,1,88.45,0
.,13,1,144,0,144,0,150,150,0,0,.,1,1,1,88.45,0
.,13,1,156,0,156,0,150,150,0,0,.,1,1,1,88.45,0
.,13,1,157,1,157.006,1.006,150,.,.,.,.,0,0,2,88.45,0
.,13,1,158,2,157.912,1.912,150,.,.,.,.,0,0,2,88.45,0
.,13,1,160,4,159.435,3.435,150,.,.,.,.,0,0,2,88.45,0
.,13,1,164,8,164.595,8.595,150,.,.,.,.,0,0,2,88.45,0
.,13,1,166,10,165.636,9.636,150,.,.,.,.,0,0,2,88.45,0
.,14,1,0,0,0,0,150,150,0,0,.,1,1,1,78.08,0
.,14,1,1,1,0.963,0.963,150,.,.,.,.,0,0,2,78.08,0
.,14,1,2,2,1.959,1.959,150,.,.,.,.,0,0,2,78.08,0
.,14,1,4,4,3.885,3.885,150,.,.,.,.,0,0,2,78.08,0
.,14,1,8,8,8.271,8.271,150,.,.,.,.,0,0,2,78.08,0
.,14,1,10,10,10.014,10.014,150,.,.,.,.,0,0,2,78.08,0
.,14,1,12,0,12,0,150,150,0,0,.,1,1,1,78.08,0
.,14,1,24,0,24,0,150,150,0,0,.,1,1,1,78.08,0
.,14,1,36,0,36,0,150,150,0,0,.,1,1,1,78.08,0
.,14,1,48,0,48,0,150,150,0,0,.,1,1,1,78.08,0
.,14,1,60,0,60,0,150,150,0,0,.,1,1,1,78.08,0
.,14,1,72,0,72,0,150,150,0,0,.,1,1,1,78.08,0
.,14,1,84,0,84,0,150,150,0,0,.,1,1,1,78.08,0
.,14,1,96,0,96,0,150,150,0,0,.,1,1,1,78.08,0
.,14,1,108,0,108,0,150,150,0,0,.,1,1,1,78.08,0
.,14,1,120,0,120,0,150,150,0,0,.,1,1,1,78.08,0
.,14,1,132,0,132,0,150,150,0,0,.,1,1,1,78.08,0
.,14,1,144,0,144,0,150,150,0,0,.,1,1,1,78.08,0
.,14,1,156,0,156,0,150,150,0,0,.,1,1,1,78.08,0
.,14,1,157,1,156.968,0.968,150,.,.,.,.,0,0,2,78.08,0
.,14,1,158,2,158.061,2.061,150,.,.,.,.,0,0,2,78.08,0
.,14,1,160,4,160.513,4.513,150,.,.,.,.,0,0,2,78.08,0
.,14,1,164,8,164.556,8.556,150,.,.,.,.,0,0,2,78.08,0
.,14,1,166,10,165.076,9.076,150,.,.,.,.,0,0,2,78.08,0
.,15,1,0,0,0,0,150,150,0,0,.,1,1,1,93.31,0
.,15,1,1,1,0.967,0.967,150,.,.,.,.,0,0,2,93.31,0
.,15,1,2,2,2.286,2.286,150,.,.,.,.,0,0,2,93.31,0
.,15,1,4,4,4.013,4.013,150,.,.,.,.,0,0,2,93.31,0
.,15,1,8,8,8.097,8.097,150,.,.,.,.,0,0,2,93.31,0
.,15,1,10,10,9.287,9.287,150,.,.,.,.,0,0,2,93.31,0
.,15,1,12,0,12,0,150,150,0,0,.,1,1,1,93.31,0
.,15,1,24,0,24,0,150,150,0,0,.,1,1,1,93.31,0
.,15,1,36,0,36,0,150,150,0,0,.,1,1,1,93.31,0
.,15,1,48,0,48,0,150,150,0,0,.,1,1,1,93.31,0
.,15,1,60,0,60,0,150,150,0,0,.,1,1,1,93.31,0
.,15,1,72,0,72,0,150,150,0,0,.,1,1,1,93.31,0
.,15,1,84,0,84,0,150,150,0,0,.,1,1,1,93.31,0
.,15,1,96,0,96,0,150,150,0,0,.,1,1,1,93.31,0
.,15,1,108,0,108,0,150,150,0,0,.,1,1,1,93.31,0
.,15,1,120,0,120,0,150,150,0,0,.,1,1,1,93.31,0
.,15,1,132,0,132,0,150,150,0,0,.,1,1,1,93.31,0
.,15,1,144,0,144,0,150,150,0,0,.,1,1,1,93.31,0
.,15,1,156,0,156,0,150,150,0,0,.,1,1,1,93.31,0
.,15,1,157,1,156.952,0.952,150,.,.,.,.,0,0,2,93.31,0
.,15,1,158,2,158.08,2.08,150,.,.,.,.,0,0,2,93.31,0
.,15,1,160,4,160.075,4.075,150,.,.,.,.,0,0,2,93.31,0
.,15,1,164,8,164.293,8.293,150,.,.,.,.,0,0,2,93.31,0
.,15,1,166,10,165.714,9.714,150,.,.,.,.,0,0,2,93.31,0
.,16,1,0,0,0,0,150,150,0,0,.,1,1,1,68.22,0
.,16,1,1,1,0.891,0.891,150,.,.,.,.,0,0,2,68.22,0
.,16,1,2,2,2.107,2.107,150,.,.,.,.,0,0,2,68.22,0
.,16,1,4,4,3.794,3.794,150,.,.,.,.,0,0,2,68.22,0
.,16,1,8,8,8.485,8.485,150,.,.,.,.,0,0,2,68.22,0
.,16,1,10,10,10.024,10.024,150,.,.,.,.,0,0,2,68.22,0
.,16,1,12,0,12,0,150,150,0,0,.,1,1,1,68.22,0
.,16,1,24,0,24,0,150,150,0,0,.,1,1,1,68.22,0
.,16,1,36,0,36,0,150,150,0,0,.,1,1,1,68.22,0
.,16,1,48,0,48,0,150,150,0,0,.,1,1,1,68.22,0
.,16,1,60,0,60,0,150,150,0,0,.,1,1,1,68.22,0
.,16,1,72,0,72,0,150,150,0,0,.,1,1,1,68.22,0
.,16,1,84,0,84,0,150,150,0,0,.,1,1,1,68.22,0
.,16,1,96,0,96,0,150,150,0,0,.,1,1,1,68.22,0
.,16,1,108,0,108,0,150,150,0,0,.,1,1,1,68.22,0
.,16,1,120,0,120,0,150,150,0,0,.,1,1,1,68.22,0
.,16,1,132,0,132,0,150,150,0,0,.,1,1,1,68.22,0
.,16,1,144,0,144,0,150,150,0,0,.,1,1,1,68.22,0
.,16,1,156,0,156,0,150,150,0,0,.,1,1,1,68.22,0
.,16,1,157,1,156.954,0.954,150,.,.,.,.,0,0,2,68.22,0
.,16,1,158,2,158.114,2.114,150,.,.,.,.,0,0,2,68.22,0
.,16,1,160,4,160.318,4.318,150,.,.,.,.,0,0,2,68.22,0
.,16,1,164,8,163.701,7.701,150,.,.,.,.,0,0,2,68.22,0
.,16,1,166,10,166.041,10.041,150,.,.,.,.,0,0,2,68.22,0
.,17,1,0,0,0,0,150,150,0,0,.,1,1,1,65.77,0
.,17,1,1,1,1.042,1.042,150,.,.,.,.,0,0,2,65.77,0
.,17,1,2,2,2.2,2.2,150,.,.,.,.,0,0,2,65.77,0
.,17,1,4,4,3.807,3.807,150,.,.,.,.,0,0,2,65.77,0
.,17,1,8,8,7.919,7.919,150,.,.,.,.,0,0,2,65.77,0
.,17,1,10,10,10.661,10.661,150,.,.,.,.,0,0,2,65.77,0
.,17,1,12,0,12,0,150,150,0,0,.,1,1,1,65.77,0
.,17,1,24,0,24,0,150,150,0,0,.,1,1,1,65.77,0
.,17,1,36,0,36,0,150,150,0,0,.,1,1,1,65.77,0
.,17,1,48,0,48,0,150,150,0,0,.,1,1,1,65.77,0
.,17,1,60,0,60,0,150,150,0,0,.,1,1,1,65.77,0
.,17,1,72,0,72,0,150,150,0,0,.,1,1,1,65.77,0
.,17,1,84,0,84,0,150,150,0,0,.,1,1,1,65.77,0
.,17,1,96,0,96,0,150,150,0,0,.,1,1,1,65.77,0
.,17,1,108,0,108,0,150,150,0,0,.,1,1,1,65.77,0
.,17,1,120,0,120,0,150,150,0,0,.,1,1,1,65.77,0
.,17,1,132,0,132,0,150,150,0,0,.,1,1,1,65.77,0
.,17,1,144,0,144,0,150,150,0,0,.,1,1,1,65.77,0
.,17,1,156,0,156,0,150,150,0,0,.,1,1,1,65.77,0
.,17,1,157,1,157.031,1.031,150,.,.,.,.,0,0,2,65.77,0
.,17,1,158,2,158.056,2.056,150,.,.,.,.,0,0,2,65.77,0
.,17,1,160,4,160.152,4.152,150,.,.,.,.,0,0,2,65.77,0
.,17,1,164,8,164.244,8.244,150,.,.,.,.,0,0,2,65.77,0
.,17,1,166,10,165.195,9.195,150,.,.,.,.,0,0,2,65.77,0
.,18,1,0,0,0,0,150,150,0,0,.,1,1,1,61.14,1
.,18,1,1,1,1.049,1.049,150,.,.,.,.,0,0,2,61.14,1
.,18,1,2,2,2.187,2.187,150,.,.,.,.,0,0,2,61.14,1
.,18,1,4,4,4.09,4.09,150,.,.,.,.,0,0,2,61.14,1
.,18,1,8,8,8.048,8.048,150,.,.,.,.,0,0,2,61.14,1
.,18,1,10,10,9.78,9.78,150,.,.,.,.,0,0,2,61.14,1
.,18,1,12,0,12,0,150,150,0,0,.,1,1,1,61.14,1
.,18,1,24,0,24,0,150,150,0,0,.,1,1,1,61.14,1
.,18,1,36,0,36,0,150,150,0,0,.,1,1,1,61.14,1
.,18,1,48,0,48,0,150,150,0,0,.,1,1,1,61.14,1
.,18,1,60,0,60,0,150,150,0,0,.,1,1,1,61.14,1
.,18,1,72,0,72,0,150,150,0,0,.,1,1,1,61.14,1
.,18,1,84,0,84,0,150,150,0,0,.,1,1,1,61.14,1
.,18,1,96,0,96,0,150,150,0,0,.,1,1,1,61.14,1
.,18,1,108,0,108,0,150,150,0,0,.,1,1,1,61.14,1
.,18,1,120,0,120,0,150,150,0,0,.,1,1,1,61.14,1
.,18,1,132,0,132,0,150,150,0,0,.,1,1,1,61.14,1
.,18,1,144,0,144,0,150,150,0,0,.,1,1,1,61.14,1
.,18,1,156,0,156,0,150,150,0,0,.,1,1,1,61.14,1
.,18,1,157,1,156.93,0.93,150,.,.,.,.,0,0,2,61.14,1
.,18,1,158,2,158.094,2.094,150,.,.,.,.,0,0,2,61.14,1
.,18,1,160,4,160.19,4.19,150,.,.,.,.,0,0,2,61.14,1
.,18,1,164,8,165.098,9.098,150,.,.,.,.,0,0,2,61.14,1
.,18,1,166,10,166.203,10.203,150,.,.,.,.,0,0,2,61.14,1
.,19,1,0,0,0,0,150,150,0,0,.,1,1,1,82.34,1
.,19,1,1,1,0.882,0.882,150,.,.,.,.,0,0,2,82.34,1
.,19,1,2,2,2.264,2.264,150,.,.,.,.,0,0,2,82.34,1
.,19,1,4,4,4.168,4.168,150,.,.,.,.,0,0,2,82.34,1
.,19,1,8,8,7.963,7.963,150,.,.,.,.,0,0,2,82.34,1
.,19,1,10,10,10.179,10.179,150,.,.,.,.,0,0,2,82.34,1
.,19,1,12,0,12,0,150,150,0,0,.,1,1,1,82.34,1
.,19,1,24,0,24,0,150,150,0,0,.,1,1,1,82.34,1
.,19,1,36,0,36,0,150,150,0,0,.,1,1,1,82.34,1
.,19,1,48,0,48,0,150,150,0,0,.,1,1,1,82.34,1
.,19,1,60,0,60,0,150,150,0,0,.,1,1,1,82.34,1
.,19,1,72,0,72,0,150,150,0,0,.,1,1,1,82.34,1
.,19,1,84,0,84,0,150,150,0,0,.,1,1,1,82.34,1
.,19,1,96,0,96,0,150,150,0,0,.,1,1,1,82.34,1
.,19,1,108,0,108,0,150,150,0,0,.,1,1,1,82.34,1
.,19,1,120,0,120,0,150,150,0,0,.,1,1,1,82.34,1
.,19,1,132,0,132,0,150,150,0,0,.,1,1,1,82.34,1
.,19,1,144,0,144,0,150,150,0,0,.,1,1,1,82.34,1
.,19,1,156,0,156,0,150,150,0,0,.,1,1,1,82.34,1
.,19,1,157,1,157.004,1.004,150,.,.,.,.,0,0,2,82.34,1
.,19,1,158,2,158.039,2.039,150,.,.,.,.,0,0,2,82.34,1
.,19,1,160,4,159.656,3.656,150,.,.,.,.,0,0,2,82.34,1
.,19,1,164,8,163.01,7.01,150,.,.,.,.,0,0,2,82.34,1
.,19,1,166,10,166.144,10.144,150,.,.,.,.,0,0,2,82.34,1
.,20,1,0,0,0,0,150,150,0,0,.,1,1,1,73.84,1
.,20,1,1,1,0.967,0.967,150,.,.,.,.,0,0,2,73.84,1
.,20,1,2,2,1.92,1.92,150,.,.,.,.,0,0,2,73.84,1
.,20,1,4,4,4.232,4.232,150,.,.,.,.,0,0,2,73.84,1
.,20,1,8,8,7.411,7.411,150,.,.,.,.,0,0,2,73.84,1
.,20,1,10,10,9.542,9.542,150,.,.,.,.,0,0,2,73.84,1
.,20,1,12,0,12,0,150,150,0,0,.,1,1,1,73.84,1
.,20,1,24,0,24,0,150,150,0,0,.,1,1,1,73.84,1
.,20,1,36,0,36,0,150,150,0,0,.,1,1,1,73.84,1
.,20,1,48,0,48,0,150,150,0,0,.,1,1,1,73.84,1
.,20,1,60,0,60,0,150,150,0,0,.,1,1,1,73.84,1
.,20,1,72,0,72,0,150,150,0,0,.,1,1,1,73.84,1
.,20,1,84,0,84,0,150,150,0,0,.,1,1,1,73.84,1
.,20,1,96,0,96,0,150,150,0,0,.,1,1,1,73.84,1
.,20,1,108,0,108,0,150,150,0,0,.,1,1,1,73.84,1
.,20,1,120,0,120,0,150,150,0,0,.,1,1,1,73.84,1
.,20,1,132,0,132,0,150,150,0,0,.,1,1,1,73.84,1
.,20,1,144,0,144,0,150,150,0,0,.,1,1,1,73.84,1
.,20,1,156,0,156,0,150,150,0,0,.,1,1,1,73.84,1
.,20,1,157,1,156.944,0.944,150,.,.,.,.,0,0,2,73.84,1
.,20,1,158,2,158.157,2.157,150,.,.,.,.,0,0,2,73.84,1
.,20,1,160,4,160.205,4.205,150,.,.,.,.,0,0,2,73.84,1
.,20,1,164,8,164.249,8.249,150,.,.,.,.,0,0,2,73.84,1
.,20,1,166,10,165.92,9.92,150,.,.,.,.,0,0,2,73.84,1
